"0","SKU <- FACTURAS_MES %>% 
  group_by(PROVEEDOR, RUBRO, FAMILIA, SUBFAMILIA, DESCRIPCION, MATERIAL, COLOR, TALLE, VARIANTE, MEDIDA, DIAMETRO, GROSOR,PESO, PIEDRA, TERMINACION, CODIGO_BARRAS) %>% 
  summarise(VENTA = sum(PRODUCTO_CANTIDAD, na.rm = TRUE), TOTAL = sum(PRODUCTO_TOTAL, na.rm = TRUE), PRECIO = round(TOTAL/VENTA, digits=0)) %>% 
  rename(""CODIGO""=CODIGO_BARRAS) %>% 
  arrange(desc(TOTAL)) %>% 
  ungroup()
"
"1","[1m[33mError[39m in `group_by()`:[22m
[38;5;232m[33m![38;5;232m Must group by variables found in
  `.data`.
[31m✖[38;5;232m Column `DESCRIPCION` is not found.[39m
[90mRun `]8;;x-r-run:rlang::last_trace()rlang::last_trace()]8;;` to see where the error occurred.[39m
"
