"0","#selecciono y renombre columnas
gastos <- Reporte_de_Gastos %>% 
  select(ZONA = Zona...1, MARCA = Marca...2, TIENDA = Local...3, ITEM = Concepto, MES = Mes, IMPORTE = Importe, TIPO = Tipo) %>% 
  filter(MES >= ""2024-09-01"") %>% 
  mutate(IMPORTE = round(as.numeric(IMPORTE)/1000))
"
"2","G2;H2;Avisoh: [38;5;232mThere was 1 warning in `mutate()`.[39m
[38;5;232m[36mℹ[38;5;232m In argument: `IMPORTE = round(as.numeric(IMPORTE)/1000)`.[39m
Caused by warning:
[33m![39m NAs introducidos por coercióng
"
