"0","BIJOU_COLOR <- FACTURAS_SIN_COLOR_COMBINADO %>%
  filter(RUBRO == ""BIJOU"") %>%
   mutate(COLOR_UNIFICADO = case_when(
     (COLOR_1 == ""PLATEADO"" | COLOR_2 == ""PLATEADO"") ~ ""PLATEADO"",
     (COLOR_1 == ""DORADO""   | COLOR_2 == ""DORADO"")   ~ ""DORADO"",
     TRUE ~ NA
   )) %>% 
  group_by(FAMILIA, COLOR_UNIFICADO) %>% 
  summarise(Facturación = sum(PRODUCTO_TOTAL, na.rm = TRUE), .groups = 'drop') %>% 
  ungroup() %>%
  mutate(Participación = round((Facturación / sum(Facturación, na.rm = TRUE)), 4)) %>% 
  arrange(desc(Facturación))
 %>% 
"
"2","G1;H1;Errorh: inesperado SPECIAL en "" %>%""
Error durante el wrapup: no hay tantas estructuras en la pila
Error: no more error handlers available (recursive errors?); invoking 'abort' restart
g"
"0","  filter(!is.na(COLOR_UNIFICADO))"
"2","G1;H1;Errorh: objeto 'COLOR_UNIFICADO' no encontrado
Error durante el wrapup: no hay tantas estructuras en la pila
Error: no more error handlers available (recursive errors?); invoking 'abort' restart
g"
