"0","# Crear cada tabla individualmente
for(rubro in rubros_unicos) {
  nombre_variable <- paste0(""TABLA_"", gsub("" "", ""_"", toupper(rubro)))
    assign(nombre_variable, FACTURAS_MES) %>%
    filter(RUBRO == rubro) %>%
    group_by(Precio = PRODUCTO_PRECIO_UNITARIO) %>%
    summarise(Cantidad = sum(PRODUCTO_CANTIDAD, na.rm = TRUE), .groups = ""drop"") %>%
    mutate(
      Facturación = Cantidad * Precio,
      Participación = round(Facturación / sum(Facturación, na.rm = TRUE), 4),
      Acumulado = cumsum(Participación)
    ) %>%
    arrange(desc(Participación))
  
  cat(""Tabla creada:"", nombre_variable, ""\n"")
}
"
"2","G1;H1;Errorh: objeto 'rubros_unicos' no encontrado
Error durante el wrapup: no hay tantas estructuras en la pila
Error: no more error handlers available (recursive errors?); invoking 'abort' restart
g"
